수요월,지역,출생월,출생아수,예상이벤트,예상계약,예상매출(원),신뢰도
2025-01,강원,2024-01,374,101.0,4.04,14137200,관측기반
2025-01,경남,2024-01,1176,317.5,12.7,44452800,관측기반
2025-01,경북,2024-01,855,230.8,9.23,32319000,관측기반
2025-01,대구,2024-01,962,259.7,10.39,36363600,관측기반
2025-01,부산,2024-01,1283,346.4,13.86,48497400,관측기반
2025-02,강원,2024-02,376,101.5,4.06,14212800,관측기반
2025-02,경남,2024-02,1183,319.4,12.78,44717400,관측기반
2025-02,경북,2024-02,861,232.5,9.3,32545800,관측기반
2025-02,대구,2024-02,968,261.4,10.45,36590400,관측기반
2025-02,부산,2024-02,1291,348.6,13.94,48799800,관측기반
2025-03,강원,2024-03,371,100.2,4.01,14023800,관측기반
2025-03,경남,2024-03,1168,315.4,12.61,44150400,관측기반
2025-03,경북,2024-03,849,229.2,9.17,32092200,관측기반
2025-03,대구,2024-03,955,257.8,10.31,36099000,관측기반
2025-03,부산,2024-03,1274,344.0,13.76,48157200,관측기반
2025-04,강원,2024-04,360,97.2,3.89,13608000,관측기반
2025-04,경남,2024-04,1132,305.6,12.23,42789600,관측기반
2025-04,경북,2024-04,823,222.2,8.89,31109400,관측기반
2025-04,대구,2024-04,926,250.0,10.0,35002800,관측기반
2025-04,부산,2024-04,1235,333.4,13.34,46683000,관측기반
2025-05,강원,2024-05,345,93.1,3.73,13041000,관측기반
2025-05,경남,2024-05,1085,292.9,11.72,41013000,관측기반
2025-05,경북,2024-05,789,213.0,8.52,29824200,관측기반
2025-05,대구,2024-05,887,239.5,9.58,33528600,관측기반
2025-05,부산,2024-05,1183,319.4,12.78,44717400,관측기반
2025-06,강원,2024-06,330,89.1,3.56,12474000,관측기반
2025-06,경남,2024-06,1038,280.3,11.21,39236400,관측기반
2025-06,경북,2024-06,755,203.8,8.15,28539000,관측기반
2025-06,대구,2024-06,849,229.2,9.17,32092200,관측기반
2025-06,부산,2024-06,1132,305.6,12.23,42789600,관측기반
2025-07,강원,2024-07,319,86.1,3.45,12058200,관측기반
2025-07,경남,2024-07,1003,270.8,10.83,37913400,관측기반
2025-07,경북,2024-07,729,196.8,7.87,27556200,관측기반
2025-07,대구,2024-07,820,221.4,8.86,30996000,관측기반
2025-07,부산,2024-07,1094,295.4,11.82,41353200,관측기반
2025-08,강원,2024-08,314,84.8,3.39,11869200,관측기반
2025-08,경남,2024-08,988,266.8,10.67,37346400,관측기반
2025-08,경북,2024-08,718,193.9,7.75,27140400,관측기반
2025-08,대구,2024-08,808,218.2,8.73,30542400,관측기반
2025-08,부산,2024-08,1078,291.1,11.64,40748400,관측기반
2025-09,강원,2024-09,317,85.6,3.42,11982600,관측기반
2025-09,경남,2024-09,996,268.9,10.76,37648800,관측기반
2025-09,경북,2024-09,724,195.5,7.82,27367200,관측기반
2025-09,대구,2024-09,815,220.0,8.8,30807000,관측기반
2025-09,부산,2024-09,1086,293.2,11.73,41050800,관측기반
2025-10,강원,2024-10,325,87.8,3.51,12285000,관측기반
2025-10,경남,2024-10,1024,276.5,11.06,38707200,관측기반
2025-10,경북,2024-10,744,200.9,8.04,28123200,관측기반
2025-10,대구,2024-10,837,226.0,9.04,31638600,관측기반
2025-10,부산,2024-10,1117,301.6,12.06,42222600,관측기반
2025-11,강원,2024-11,338,91.3,3.65,12776400,관측기반
2025-11,경남,2024-11,1063,287.0,11.48,40181400,관측기반
2025-11,경북,2024-11,773,208.7,8.35,29219400,관측기반
2025-11,대구,2024-11,869,234.6,9.39,32848200,관측기반
2025-11,부산,2024-11,1159,312.9,12.52,43810200,관측기반
2025-12,강원,2024-12,350,94.5,3.78,13230000,관측기반
2025-12,경남,2024-12,1101,297.3,11.89,41617800,관측기반
2025-12,경북,2024-12,801,216.3,8.65,30277800,관측기반
2025-12,대구,2024-12,901,243.3,9.73,34057800,관측기반
2025-12,부산,2024-12,1202,324.5,12.98,45435600,관측기반
2026-01,강원,2025-01,359,96.9,3.88,13570200,관측기반
2026-01,경남,2025-01,1129,304.8,12.19,42676200,관측기반
2026-01,경북,2025-01,821,221.7,8.87,31033800,관측기반
2026-01,대구,2025-01,923,249.2,9.97,34889400,관측기반
2026-01,부산,2025-01,1231,332.4,13.29,46531800,관측기반
2026-02,강원,2025-02,361,97.5,3.9,13645800,관측기반
2026-02,경남,2025-02,1136,306.7,12.27,42940800,관측기반
2026-02,경북,2025-02,826,223.0,8.92,31222800,관측기반
2026-02,대구,2025-02,929,250.8,10.03,35116200,관측기반
2026-02,부산,2025-02,1239,334.5,13.38,46834200,관측기반
2026-03,강원,2025-03,356,96.1,3.84,13456800,관측기반
2026-03,경남,2025-03,1121,302.7,12.11,42373800,관측기반
2026-03,경북,2025-03,815,220.0,8.8,30807000,관측기반
2026-03,대구,2025-03,917,247.6,9.9,34662600,관측기반
2026-03,부산,2025-03,1223,330.2,13.21,46229400,관측기반
2026-04,강원,2025-04,345,93.1,3.73,13041000,관측기반
2026-04,경남,2025-04,1087,293.5,11.74,41088600,관측기반
2026-04,경북,2025-04,790,213.3,8.53,29862000,관측기반
2026-04,대구,2025-04,889,240.0,9.6,33604200,관측기반
2026-04,부산,2025-04,1185,319.9,12.8,44793000,관측기반
2026-05,강원,2025-05,331,89.4,3.57,12511800,관측기반
2026-05,경남,2025-05,1041,281.1,11.24,39349800,관측기반
2026-05,경북,2025-05,757,204.4,8.18,28614600,관측기반
2026-05,대구,2025-05,852,230.0,9.2,32205600,관측기반
2026-05,부산,2025-05,1136,306.7,12.27,42940800,관측기반
2026-06,강원,2025-06,317,85.6,3.42,11982600,관측기반
2026-06,경남,2025-06,996,268.9,10.76,37648800,관측기반
2026-06,경북,2025-06,724,195.5,7.82,27367200,관측기반
2026-06,대구,2025-06,815,220.0,8.8,30807000,관측기반
2026-06,부산,2025-06,1087,293.5,11.74,41088600,관측기반
2026-07,강원,2025-07,306,82.6,3.3,11566800,관측기반
2026-07,경남,2025-07,962,259.7,10.39,36363600,관측기반
2026-07,경북,2025-07,700,189.0,7.56,26460000,관측기반
2026-07,대구,2025-07,787,212.5,8.5,29748600,관측기반
2026-07,부산,2025-07,1050,283.5,11.34,39690000,관측기반
2026-08,강원,2025-08,301,81.3,3.25,11377800,관측기반
2026-08,경남,2025-08,948,256.0,10.24,35834400,관측기반
2026-08,경북,2025-08,689,186.0,7.44,26044200,관측기반
2026-08,대구,2025-08,776,209.5,8.38,29332800,관측기반
2026-08,부산,2025-08,1034,279.2,11.17,39085200,관측기반
2026-09,강원,2025-09,304,82.1,3.28,11491200,관측기반
2026-09,경남,2025-09,956,258.1,10.32,36136800,관측기반
2026-09,경북,2025-09,695,187.7,7.51,26271000,관측기반
2026-09,대구,2025-09,782,211.1,8.45,29559600,관측기반
2026-09,부산,2025-09,1043,281.6,11.26,39425400,관측기반
2026-10,강원,2025-10,312,84.2,3.37,11793600,관측기반
2026-10,경남,2025-10,983,265.4,10.62,37157400,관측기반
2026-10,경북,2025-10,715,193.0,7.72,27027000,관측기반
2026-10,대구,2025-10,804,217.1,8.68,30391200,관측기반
2026-10,부산,2025-10,1072,289.4,11.58,40521600,관측기반
2026-11,강원,2025-11,324,87.5,3.5,12247200,관측기반
2026-11,경남,2025-11,1020,275.4,11.02,38556000,관측기반
2026-11,경북,2025-11,742,200.3,8.01,28047600,관측기반
2026-11,대구,2025-11,835,225.4,9.02,31563000,관측기반
2026-11,부산,2025-11,1113,300.5,12.02,42071400,관측기반
2026-12,강원,2025-12,336,90.7,3.63,12700800,관측기반
2026-12,경남,2025-12,1057,285.4,11.42,39954600,관측기반
2026-12,경북,2025-12,769,207.6,8.31,29068200,관측기반
2026-12,대구,2025-12,865,233.5,9.34,32697000,관측기반
2026-12,부산,2025-12,1154,311.6,12.46,43621200,관측기반
2027-01,강원,2026-01,341,92.1,3.68,12889800,투영기반
2027-01,경남,2026-01,1073,289.7,11.59,40559400,투영기반
2027-01,경북,2026-01,780,210.6,8.42,29484000,투영기반
2027-01,대구,2026-01,877,236.8,9.47,33150600,투영기반
2027-01,부산,2026-01,1169,315.6,12.63,44188200,투영기반
2027-02,강원,2026-02,343,92.6,3.7,12965400,투영기반
2027-02,경남,2026-02,1079,291.3,11.65,40786200,투영기반
2027-02,경북,2026-02,785,211.9,8.48,29673000,투영기반
2027-02,대구,2026-02,883,238.4,9.54,33377400,투영기반
2027-02,부산,2026-02,1177,317.8,12.71,44490600,투영기반
2027-03,강원,2026-03,338,91.3,3.65,12776400,투영기반
2027-03,경남,2026-03,1065,287.6,11.5,40257000,투영기반
2027-03,경북,2026-03,774,209.0,8.36,29257200,투영기반
2027-03,대구,2026-03,871,235.2,9.41,32923800,투영기반
2027-03,부산,2026-03,1162,313.7,12.55,43923600,투영기반
2027-04,강원,2026-04,328,88.6,3.54,12398400,투영기반
2027-04,경남,2026-04,1033,278.9,11.16,39047400,투영기반
2027-04,경북,2026-04,750,202.5,8.1,28350000,투영기반
2027-04,대구,2026-04,845,228.2,9.13,31941000,투영기반
2027-04,부산,2026-04,1126,304.0,12.16,42562800,투영기반
2027-05,강원,2026-05,314,84.8,3.39,11869200,투영기반
2027-05,경남,2026-05,989,267.0,10.68,37384200,투영기반
2027-05,경북,2026-05,719,194.1,7.77,27178200,투영기반
2027-05,대구,2026-05,809,218.4,8.74,30580200,투영기반
2027-05,부산,2026-05,1079,291.3,11.65,40786200,투영기반
2027-06,강원,2026-06,301,81.3,3.25,11377800,투영기반
2027-06,경남,2026-06,946,255.4,10.22,35758800,투영기반
2027-06,경북,2026-06,688,185.8,7.43,26006400,투영기반
2027-06,대구,2026-06,774,209.0,8.36,29257200,투영기반
2027-06,부산,2026-06,1033,278.9,11.16,39047400,투영기반
2027-07,강원,2026-07,291,78.6,3.14,10999800,투영기반
2027-07,경남,2026-07,914,246.8,9.87,34549200,투영기반
2027-07,경북,2026-07,665,179.5,7.18,25137000,투영기반
2027-07,대구,2026-07,748,202.0,8.08,28274400,투영기반
2027-07,부산,2026-07,998,269.5,10.78,37724400,투영기반
2027-08,강원,2026-08,286,77.2,3.09,10810800,투영기반
2027-08,경남,2026-08,901,243.3,9.73,34057800,투영기반
2027-08,경북,2026-08,655,176.8,7.07,24759000,투영기반
2027-08,대구,2026-08,737,199.0,7.96,27858600,투영기반
2027-08,부산,2026-08,982,265.1,10.61,37119600,투영기반
2027-09,강원,2026-09,289,78.0,3.12,10924200,투영기반
2027-09,경남,2026-09,908,245.2,9.81,34322400,투영기반
2027-09,경북,2026-09,660,178.2,7.13,24948000,투영기반
2027-09,대구,2026-09,743,200.6,8.02,28085400,투영기반
2027-09,부산,2026-09,991,267.6,10.7,37459800,투영기반
2027-10,강원,2026-10,296,79.9,3.2,11188800,투영기반
2027-10,경남,2026-10,934,252.2,10.09,35305200,투영기반
2027-10,경북,2026-10,679,183.3,7.33,25666200,투영기반
2027-10,대구,2026-10,764,206.3,8.25,28879200,투영기반
2027-10,부산,2026-10,1018,274.9,10.99,38480400,투영기반
2027-11,강원,2026-11,308,83.2,3.33,11642400,투영기반
2027-11,경남,2026-11,969,261.6,10.47,36628200,투영기반
2027-11,경북,2026-11,705,190.3,7.61,26649000,투영기반
2027-11,대구,2026-11,793,214.1,8.56,29975400,투영기반
2027-11,부산,2026-11,1057,285.4,11.42,39954600,투영기반
2027-12,강원,2026-12,319,86.1,3.45,12058200,투영기반
2027-12,경남,2026-12,1004,271.1,10.84,37951200,투영기반
2027-12,경북,2026-12,731,197.4,7.89,27631800,투영기반
2027-12,대구,2026-12,822,221.9,8.88,31071600,투영기반
2027-12,부산,2026-12,1096,295.9,11.84,41428800,투영기반
2028-01,강원,2027-01,324,87.5,3.5,12247200,투영기반
2028-01,경남,2027-01,1019,275.1,11.01,38518200,투영기반
2028-01,경북,2027-01,741,200.1,8.0,28009800,투영기반
2028-01,대구,2027-01,833,224.9,9.0,31487400,투영기반
2028-01,부산,2027-01,1111,300.0,12.0,41995800,투영기반
2028-02,강원,2027-02,326,88.0,3.52,12322800,투영기반
2028-02,경남,2027-02,1025,276.8,11.07,38745000,투영기반
2028-02,경북,2027-02,746,201.4,8.06,28198800,투영기반
2028-02,대구,2027-02,839,226.5,9.06,31714200,투영기반
2028-02,부산,2027-02,1118,301.9,12.07,42260400,투영기반
2028-03,강원,2027-03,321,86.7,3.47,12133800,투영기반
2028-03,경남,2027-03,1012,273.2,10.93,38253600,투영기반
2028-03,경북,2027-03,735,198.4,7.94,27783000,투영기반
2028-03,대구,2027-03,827,223.3,8.93,31260600,투영기반
2028-03,부산,2027-03,1104,298.1,11.92,41731200,투영기반
2028-04,강원,2027-04,312,84.2,3.37,11793600,투영기반
2028-04,경남,2027-04,981,264.9,10.59,37081800,투영기반
2028-04,경북,2027-04,712,192.2,7.69,26913600,투영기반
2028-04,대구,2027-04,803,216.8,8.67,30353400,투영기반
2028-04,부산,2027-04,1070,288.9,11.56,40446000,투영기반
2028-05,강원,2027-05,298,80.5,3.22,11264400,투영기반
2028-05,경남,2027-05,940,253.8,10.15,35532000,투영기반
2028-05,경북,2027-05,683,184.4,7.38,25817400,투영기반
2028-05,대구,2027-05,769,207.6,8.31,29068200,투영기반
2028-05,부산,2027-05,1025,276.8,11.07,38745000,투영기반
2028-06,강원,2027-06,286,77.2,3.09,10810800,투영기반
2028-06,경남,2027-06,899,242.7,9.71,33982200,투영기반
2028-06,경북,2027-06,654,176.6,7.06,24721200,투영기반
2028-06,대구,2027-06,735,198.4,7.94,27783000,투영기반
2028-06,부산,2027-06,981,264.9,10.59,37081800,투영기반
